{
    "extensions": [
        {
            "type": "@WebInspector.ContextMenu.Provider",
            "contextTypes": [ "WebInspector.CodeMirrorTextEditor" ],
            "className": "WebInspector.DocumentationView.ContextMenuProvider"
        }
    ],
    "dependencies": ["source_frame"],
    "experiment": "documentation",
    "scripts": [
        "WikiParser.js",
        "JSArticle.js",
        "DocumentationCatalog.js",
        "DocumentationView.js"
    ],
    "stylesheets": [
        "documentationView.css"
    ]
}